{"cameraMode":{"drawMode":0,"name":"Shaded","section":"Shading Mode"},"sceneLighting":true,"audioPlay":false,"sceneViewState":{"m_AlwaysRefresh":false,"showFog":true,"showSkybox":true,"showFlares":true,"showImageEffects":true,"showParticleSystems":true,"showVisualEffectGraphs":true,"m_FxEnabled":true},"in2DMode":false,"pivot":{"x":-13.450023651123047,"y":2.0642142295837404,"z":-24.23891830444336},"rotation":{"x":-0.10381322354078293,"y":-0.21874387562274934,"z":0.024426639080047609,"w":-0.9703206419944763},"size":0.8660253882408142,"orthographic":false}