{"cameraMode":{"drawMode":0,"name":"Shaded","section":"Shading Mode"},"sceneLighting":true,"audioPlay":false,"sceneViewState":{"m_AlwaysRefresh":false,"showFog":true,"showSkybox":true,"showFlares":true,"showImageEffects":true,"showParticleSystems":true,"showVisualEffectGraphs":true,"m_FxEnabled":true},"in2DMode":false,"pivot":{"x":-0.1238754391670227,"y":4.464184284210205,"z":17.987375259399415},"rotation":{"x":0.003876404371112585,"y":-0.995765745639801,"z":0.09013903886079788,"w":0.03231952711939812},"size":0.8660253882408142,"orthographic":false}