{"cameraMode":{"drawMode":0,"name":"Shaded","section":"Shading Mode"},"sceneLighting":true,"audioPlay":false,"sceneViewState":{"m_AlwaysRefresh":false,"showFog":true,"showSkybox":true,"showFlares":true,"showImageEffects":true,"showParticleSystems":true,"showVisualEffectGraphs":true,"m_FxEnabled":true},"in2DMode":false,"pivot":{"x":-1.36632239818573,"y":2.8387656211853029,"z":5.487490653991699},"rotation":{"x":0.0013625266728922725,"y":-0.9995826482772827,"z":0.03779866546392441,"w":0.011495762504637242},"size":0.8660253882408142,"orthographic":false}