{"cameraMode":{"drawMode":0,"name":"Shaded","section":"Shading Mode"},"sceneLighting":true,"audioPlay":false,"sceneViewState":{"m_AlwaysRefresh":false,"showFog":true,"showSkybox":true,"showFlares":true,"showImageEffects":true,"showParticleSystems":true,"showVisualEffectGraphs":true,"m_FxEnabled":true},"in2DMode":false,"pivot":{"x":15.18567180633545,"y":4.85749626159668,"z":-24.73444938659668},"rotation":{"x":0.06309269368648529,"y":-0.24713937938213349,"z":0.014772459864616394,"w":0.9672073125839233},"size":1.0792253017425538,"orthographic":false}