{"cameraMode":{"drawMode":0,"name":"Shaded","section":"Shading Mode"},"sceneLighting":false,"audioPlay":false,"sceneViewState":{"m_AlwaysRefresh":false,"showFog":true,"showSkybox":false,"showFlares":true,"showImageEffects":true,"showParticleSystems":true,"showVisualEffectGraphs":true,"m_FxEnabled":true},"in2DMode":false,"pivot":{"x":0.35671794414520266,"y":1.3065218925476075,"z":-2.239349842071533},"rotation":{"x":-0.0034469824749976398,"y":-0.9952555298805237,"z":0.052700791507959369,"w":-0.08581744879484177},"size":1.5773251056671143,"orthographic":false}