{"cameraMode":{"drawMode":0,"name":"Shaded","section":"Shading Mode"},"sceneLighting":false,"audioPlay":false,"sceneViewState":{"m_AlwaysRefresh":false,"showFog":true,"showSkybox":false,"showFlares":true,"showImageEffects":true,"showParticleSystems":true,"showVisualEffectGraphs":true,"m_FxEnabled":true},"in2DMode":false,"pivot":{"x":0.0014816522598266602,"y":0.9804207682609558,"z":0.2666052579879761},"rotation":{"x":-0.0010370799573138357,"y":0.9989813566207886,"z":-0.04379234090447426,"w":-0.023209869861602784},"size":1.5773251056671143,"orthographic":false}